{
    "0": {
        "0.csv": 274,
        "1.csv": 275,
        "10.csv": 257,
        "11.csv": 341,
        "12.csv": 337,
        "13.csv": 218,
        "14.csv": 119,
        "15.csv": 259,
        "16.csv": 268,
        "17.csv": 209,
        "18.csv": 192,
        "19.csv": 314,
        "2.csv": 129,
        "20.csv": 256,
        "21.csv": 276,
        "22.csv": 414,
        "23.csv": 302,
        "24.csv": 208,
        "25.csv": 217,
        "26.csv": 290,
        "27.csv": 238,
        "28.csv": 184,
        "29.csv": 274,
        "3.csv": 273,
        "4.csv": 327,
        "5.csv": 212,
        "6.csv": 371,
        "7.csv": 306,
        "8.csv": 324,
        "9.csv": 368,
        "all": 267.73333333333335
    },
    "1": {
        "0.csv": 272,
        "1.csv": 278,
        "10.csv": 343,
        "11.csv": 224,
        "12.csv": 335,
        "13.csv": 212,
        "14.csv": 326,
        "15.csv": 262,
        "16.csv": 272,
        "17.csv": 210,
        "18.csv": 179,
        "19.csv": 315,
        "2.csv": 128,
        "20.csv": 259,
        "21.csv": 279,
        "22.csv": 302,
        "23.csv": 513,
        "24.csv": 358,
        "25.csv": 219,
        "26.csv": 518,
        "27.csv": 349,
        "28.csv": 181,
        "29.csv": 391,
        "3.csv": 268,
        "4.csv": 326,
        "5.csv": 282,
        "6.csv": 299,
        "7.csv": 204,
        "8.csv": 216,
        "9.csv": 367,
        "all": 289.56666666666666
    },
    "2": {
        "0.csv": 284,
        "1.csv": 279,
        "10.csv": 258,
        "11.csv": 298,
        "12.csv": 337,
        "13.csv": 213,
        "14.csv": 119,
        "15.csv": 264,
        "16.csv": 281,
        "17.csv": 208,
        "18.csv": 183,
        "19.csv": 147,
        "2.csv": 377,
        "20.csv": 257,
        "21.csv": 275,
        "22.csv": 228,
        "23.csv": 307,
        "24.csv": 206,
        "25.csv": 223,
        "26.csv": 368,
        "27.csv": 352,
        "28.csv": 175,
        "29.csv": 274,
        "3.csv": 342,
        "4.csv": 186,
        "5.csv": 286,
        "6.csv": 302,
        "7.csv": 201,
        "8.csv": 328,
        "9.csv": 371,
        "all": 264.3
    },
    "3": {
        "0.csv": 267,
        "1.csv": 286,
        "10.csv": 155,
        "11.csv": 225,
        "12.csv": 415,
        "13.csv": 211,
        "14.csv": 119,
        "15.csv": 262,
        "16.csv": 268,
        "17.csv": 353,
        "18.csv": 177,
        "19.csv": 318,
        "2.csv": 130,
        "20.csv": 253,
        "21.csv": 284,
        "22.csv": 224,
        "23.csv": 516,
        "24.csv": 207,
        "25.csv": 218,
        "26.csv": 372,
        "27.csv": 352,
        "28.csv": 356,
        "29.csv": 274,
        "3.csv": 231,
        "4.csv": 325,
        "5.csv": 280,
        "6.csv": 301,
        "7.csv": 310,
        "8.csv": 326,
        "9.csv": 365,
        "all": 279.3333333333333
    },
    "4": {
        "0.csv": 293,
        "1.csv": 277,
        "10.csv": 257,
        "11.csv": 409,
        "12.csv": 375,
        "13.csv": 213,
        "14.csv": 326,
        "15.csv": 411,
        "16.csv": 278,
        "17.csv": 203,
        "18.csv": 182,
        "19.csv": 396,
        "2.csv": 375,
        "20.csv": 330,
        "21.csv": 279,
        "22.csv": 224,
        "23.csv": 303,
        "24.csv": 349,
        "25.csv": 365,
        "26.csv": 441,
        "27.csv": 464,
        "28.csv": 180,
        "29.csv": 279,
        "3.csv": 345,
        "4.csv": 321,
        "5.csv": 292,
        "6.csv": 371,
        "7.csv": 307,
        "8.csv": 331,
        "9.csv": 406,
        "all": 319.4
    },
    "all": 284.06666666666666
}